,TABLE,VALUE,CLUSTER,OBSERVED,EXPECTED,DIFF,INDCHI2,INFLUENCE,rank
0,SVCFLAG,No military service,0,44846368.61005016,47589011.263300106,-2742642.653249949,158063.56391410966,0.038239685093629974,5.0
1,SVCFLAG,Military service,0,7362859.532645667,4620216.879395713,2742642.653249954,1628081.3043585466,0.3938751907386273,1.0
2,SVCFLAG,No military service,1,56081877.12010664,56929727.46858928,-847850.348482646,12626.97443648868,0.003054793364010317,13.0
3,SVCFLAG,Military service,1,6374918.064483229,5527067.71600058,847850.3484826488,130059.96133195802,0.03146488565401635,6.0
4,SVCFLAG,No military service,2,40667378.746181674,39140745.07670081,1526633.6694808677,59544.353492135095,0.014405327010596259,9.0
5,SVCFLAG,Military service,2,2273376.590765019,3800010.2602458918,-1526633.6694808728,613316.8600028531,0.148377292073885,3.0
6,SVCFLAG,No military service,3,25847550.4891845,24251220.174711987,1596330.3144725114,105078.03131329127,0.025421107358190878,7.0
7,SVCFLAG,Military service,3,758118.618648193,2354448.933120706,-1596330.3144725133,1082321.4031345781,0.26184168318798423,2.0
8,SVCFLAG,No military service,4,14234181.12153131,14282244.0457958,-48062.924264490604,161.74241816951428,3.9129695572632435e-05,26.0
9,SVCFLAG,Military service,4,1434665.90811179,1386602.9838472996,48062.92426449037,1665.974122199446,0.0004030424484270194,20.0
10,SVCFLAG,No military service,5,11163313.594975024,10729814.535046663,433499.0599283613,17513.949970427493,0.004237079786323567,11.0
11,SVCFLAG,Military service,5,608213.489074285,1041712.5490026475,-433499.0599283625,180396.63162231562,0.04364263473736047,4.0
12,SVCFLAG,No military service,6,9360475.002854165,9613545.141276035,-253070.13842187077,6661.901933126411,0.0016116872588411778,15.0
13,SVCFLAG,Military service,6,1186408.7885318303,933338.6501099596,253070.13842187065,68618.7108541144,0.016600649951294396,8.0
14,SVCFLAG,No military service,7,7939167.955618919,7826382.729174498,112785.22644442134,1625.3367288953318,0.0003932112065867448,21.0
15,SVCFLAG,Military service,7,647045.3443123375,759830.5707567581,-112785.22644442064,16741.24178953496,0.004050141590227607,12.0
16,SVCFLAG,No military service,8,6346551.920018879,6228053.684345716,118498.23567316309,2254.6099583159994,0.0005454487592207828,19.0
17,SVCFLAG,Military service,8,486157.2928687275,604655.5285418913,-118498.23567316373,23222.861935148612,0.005618213998106986,10.0
18,SVCFLAG,No military service,9,5705213.6069126045,5665899.668797663,39313.93811494112,272.7873454267153,6.599435017366261e-05,25.0
19,SVCFLAG,Military service,9,510764.422242367,550078.3603573072,-39313.93811494025,2809.7555575562096,0.0006797529111099277,18.0
20,SVCFLAG,No military service,10,527388.6338299868,503989.44934785063,23399.18448213616,1086.375588095189,0.0002628224959215838,22.0
21,SVCFLAG,Military service,10,25531.0306894075,48930.21517154369,-23399.184482136192,11189.851352778538,0.0027071159309510176,14.0
22,SVCFLAG,No military service,11,2923955.8863650328,2891569.291492386,32386.594872646965,362.74127358145125,8.775654381521102e-05,24.0
23,SVCFLAG,Military service,11,248343.7017619925,280730.29663463926,-32386.59487264676,3736.296153350507,0.0009039071673614881,17.0
24,SVCFLAG,No military service,12,151997.382014315,143217.54106441457,8779.84094990042,538.2413811369496,0.00013021458209193357,23.0
25,SVCFLAG,Military service,12,5124.5475441225,13904.388494022916,-8779.840949900416,5543.976791117786,0.0013412321056732353,16.0
26,CATAG6,18-25,0,4054973.9657120644,7199927.136311058,-3144953.1705989935,1373726.4638942247,0.06156014170917424,4.0
27,CATAG6,26-34,0,6323784.8946825005,8363377.811145763,-2039592.9164632624,497399.4190891652,0.022289720355527533,13.0
28,CATAG6,35-49,0,12330943.410623886,12846489.568225514,-515546.15760162845,20689.530724035485,0.000927149965253933,45.0
29,CATAG6,50-64,0,11624308.520298747,13146922.310632225,-1522613.7903334778,176341.8615959093,0.00790232282366487,30.0
30,CATAG6,65+,0,17875217.351378623,10652511.31638128,7222706.034997344,4897200.380136151,0.2194558795386331,1.0
31,CATAG6,18-25,1,7993542.583162305,8613120.52473739,-619577.9415750848,44568.84407734715,0.0019972421215777355,42.0
32,CATAG6,26-34,1,10968748.476554297,10004931.955217041,963816.5213372558,92848.43624731048,0.004160772208359939,37.0
33,CATAG6,35-49,1,16541296.104225537,15367983.713735128,1173312.390490409,89579.86885735224,0.004014299473794269,38.0
34,CATAG6,50-64,1,17690159.152453892,15727385.048073102,1962774.1043807901,244953.76523510588,0.010976994981462344,24.0
35,CATAG6,65+,1,9263048.868193835,12743373.942827215,-3480325.0746333804,950506.72447226,0.042594599574184815,6.0
36,CATAG6,18-25,2,6161694.439670689,5921755.992238892,239938.44743179716,9721.855921019654,0.0004356608421720168,49.0
37,CATAG6,26-34,2,6785062.668162498,6878664.426857686,-93601.75869518798,1273.6904560460634,5.707727632002276e-05,60.0
38,CATAG6,35-49,2,10850644.2677049,10565909.229305184,284735.03839971684,7673.172306612714,0.0003438541710952737,52.0
39,CATAG6,50-64,2,9848304.431327762,10813007.47890264,-964703.0475748777,86067.81895009881,0.003856915674571733,39.0
40,CATAG6,65+,2,9295049.530080846,8761418.2096423,533631.3204385452,32501.859783338798,0.0014564901722881188,44.0
41,CATAG6,18-25,3,5381330.982844028,3669061.6928033805,1712269.2900406471,799077.9024966959,0.035808692783655935,8.0
42,CATAG6,26-34,3,3273761.4532737895,4261952.734849313,-988191.2815755238,229125.49005928903,0.010267690117324474,25.0
43,CATAG6,35-49,3,5764454.460428133,6546533.300880631,-782078.8404524988,93430.71891213735,0.0041868657606817915,36.0
44,CATAG6,50-64,3,5562608.492678346,6699632.942801883,-1137024.4501235373,192969.4673150339,0.008647447702057255,28.0
45,CATAG6,65+,3,6623513.718608395,5428488.43649749,1195025.2821109053,263072.38959611056,0.011788936159385687,23.0
46,CATAG6,18-25,4,1594724.8516467898,2160816.4099858897,-566091.5583390999,148304.89575228796,0.006645915790829618,33.0
47,CATAG6,26-34,4,3234020.673055202,2509987.0700212154,724033.6030339864,208855.52144216635,0.009359341786483358,27.0
48,CATAG6,35-49,4,5246855.855108898,3855442.5543751735,1391413.3007337246,502155.3158045894,0.02250284406206643,12.0
49,CATAG6,50-64,4,4652724.573363923,3945607.355712607,707117.2176513155,126726.94326134521,0.005678953409271722,34.0
50,CATAG6,65+,4,940521.0764682875,3196993.639548217,-2256472.5630799294,1592642.65181711,0.07137032729209004,2.0
51,CATAG6,18-25,5,3166173.712067028,1623355.492952724,1542818.219114304,1466276.5288097945,0.06570754314689921,3.0
52,CATAG6,26-34,5,2035791.683010475,1885676.764823283,150114.91818719194,11950.345405279022,0.0005355250670043153,48.0
53,CATAG6,35-49,5,2174496.550349301,2896476.451902496,-721979.901553195,179961.75246112724,0.008064539247743106,29.0
54,CATAG6,50-64,5,2986393.792834155,2964214.518332244,22179.2745019109,165.95297485685484,7.4367706510410794e-06,64.0
55,CATAG6,65+,5,1408671.34578835,2401803.8560385653,-993132.5102502152,410654.75868736254,0.018402473711307432,15.0
56,CATAG6,18-25,6,684234.0798948616,1454470.7423287772,-770236.6624339157,407890.30600055394,0.01827859162588424,16.0
57,CATAG6,26-34,6,1573963.6170837781,1689501.5884265841,-115537.971342806,7901.160267296862,0.00035407088565714913,51.0
58,CATAG6,35-49,6,2532138.3409524816,2595143.376435499,-63005.035483017564,1529.6397618187495,6.854700915829509e-05,59.0
59,CATAG6,50-64,6,4413909.0157990325,2655834.356440617,1758074.6593584158,1163787.3801815617,0.05215224276908303,5.0
60,CATAG6,65+,6,1342638.73765584,2151933.72775452,-809294.9900986797,304358.0629605411,0.013639051134726746,21.0
61,CATAG6,18-25,7,1924249.7568351633,1184083.9701243262,740165.7867108372,462674.44340096076,0.020733606762029712,14.0
62,CATAG6,26-34,7,2091692.772465325,1375422.4750870224,716270.2973783026,373007.6745139285,0.016715413079102664,17.0
63,CATAG6,35-49,7,2086628.0506817508,2112705.042998373,-26076.992316622287,321.86676059432375,1.4423659960288205e-05,63.0
64,CATAG6,50-64,7,1735812.6969637026,2162113.542230289,-426300.8452665864,84053.13001626328,0.0037666323907255173,40.0
65,CATAG6,65+,7,747830.022985315,1751888.2694912483,-1004058.2465059333,575455.0560860444,0.025787589983157954,10.0
66,CATAG6,18-25,8,1316249.784288153,942266.5346044678,373983.24968368525,148433.0238924167,0.006651657535398546,32.0
67,CATAG6,26-34,8,1863707.0486831358,1094529.2748801166,769177.7738030192,540537.80130949,0.02422285987957778,11.0
68,CATAG6,35-49,8,1532460.5750278,1681241.6262154428,-148781.05118764285,13166.341379691372,0.0005900169083352352,47.0
69,CATAG6,50-64,8,1692251.3429716276,1720559.7628729104,-28308.41990128276,465.7592573066205,2.0871845040296924e-05,62.0
70,CATAG6,65+,8,428040.46191689,1394112.0143146703,-966071.5523977804,669454.2725184491,0.029999931549124708,9.0
71,CATAG6,18-25,9,799616.2097342513,857216.0608945426,-57599.85116029135,3870.3694494775405,0.0001734410001109521,55.0
72,CATAG6,26-34,9,537437.24645087,995735.3244433528,-458298.0779924828,210936.70490099484,0.009452604857418953,26.0
73,CATAG6,35-49,9,1015231.6630253608,1529490.0872620922,-514258.4242367314,172908.42817546683,0.00774846202716228,31.0
74,CATAG6,50-64,9,1504893.471594005,1565259.3064686044,-60365.83487459947,2328.070502470768,0.00010432670099022286,57.0
75,CATAG6,65+,9,2358799.438350485,1268277.2500863806,1090522.1882641045,937680.340016612,0.042019816991582665,7.0
76,CATAG6,18-25,10,228691.57218062674,76250.52961695891,152441.0425636678,304762.099025861,0.01365715700812326,20.0
77,CATAG6,26-34,10,64993.3058103875,88572.0057180084,-23578.699907620896,6276.871397760447,0.0002812824116680542,54.0
78,CATAG6,35-49,10,56968.6971215475,136050.21478006436,-79081.51765851685,45967.486676035034,0.002059918818022555,41.0
79,CATAG6,50-64,10,151398.248175215,139231.93527376984,12166.31290144517,1063.1122042857705,4.764073465037639e-05,61.0
80,CATAG6,65+,10,50867.8412316175,112814.97913059278,-61947.13789897528,34015.411104517356,0.001524316217912755,43.0
81,CATAG6,18-25,11,821818.5922230136,437476.79675780784,384341.7954652058,337660.4584201452,0.015131415326311574,18.0
82,CATAG6,26-34,11,888899.1539118725,508169.55027825217,380729.60363362037,285249.3444434882,0.012782741344744369,22.0
83,CATAG6,35-49,11,773311.1361096768,780569.1640331468,-7258.027923470014,67.48789443036905,3.0243024750429545e-06,65.0
84,CATAG6,50-64,11,486422.715426465,798823.8423515431,-312401.12692507816,122172.69807166049,0.005474866215333159,35.0
85,CATAG6,65+,11,201847.9904559975,647260.234706276,-445412.24425027845,306510.51414907206,0.013735507892073054,19.0
86,CATAG6,18-25,12,34169.293508955,21667.94041171082,12501.35309724418,7212.67579162763,0.00032321816278929594,53.0
87,CATAG6,26-34,12,39827.2949897575,25169.306386255867,14657.988603501635,8536.45414788665,0.0003825400040325886,50.0
88,CATAG6,35-49,12,47266.30038015,38661.0815906942,8605.218789455801,1915.3574439114266,8.583198967912442e-05,58.0
89,CATAG6,50-64,12,28971.17010725,39565.22390171359,-10594.053794463587,2836.6824380621647,0.00012711888244185327,56.0
90,CATAG6,65+,12,6887.8705723250005,32058.377268063054,-25170.506695738055,19762.52266365799,0.000885608399984372,46.0
91,IRSEX,Male,0,28068933.873368356,25197316.26802852,2871617.6053398363,327264.52228409844,0.03720894799338112,9.0
92,IRSEX,Female,0,24140294.269327465,27011911.8746673,-2871617.6053398363,305279.6747434695,0.034709339899377155,10.0
93,IRSEX,Male,1,32756454.614512593,30143016.42330948,2613438.1912031136,226588.4436820113,0.025762394157549624,11.0
94,IRSEX,Female,1,29700340.570077274,32313778.761280384,-2613438.19120311,211366.77420788136,0.02403173816134707,12.0
95,IRSEX,Male,2,15623610.161257723,20724148.421727862,-5100538.260470139,1255322.5356774745,0.14272622837007112,1.0
96,IRSEX,Female,2,27317145.17568897,22216606.915218834,5100538.260470137,1170992.9714198879,0.13313822185819785,2.0
97,IRSEX,Male,3,9372546.343858294,12840478.26181789,-3467931.917959595,936612.4487251192,0.10648989279782882,5.0
98,IRSEX,Female,3,17233122.763974395,13765190.846014798,3467931.917959597,873693.0655113128,0.09933615660473859,6.0
99,IRSEX,Male,4,10415610.098987048,7562128.5394641785,2853481.55952287,1076728.1947198962,0.12242061290578957,3.0
100,IRSEX,Female,4,5253236.93065605,8106718.490178921,-2853481.559522871,1004396.1709539229,0.11419668905428298,4.0
101,IRSEX,Male,5,4175208.604017312,5681196.628377094,-1505988.0243597818,399211.65871756873,0.045389111364410144,7.0
102,IRSEX,Female,5,7596318.480031997,6090330.455672215,1505988.0243597822,372393.57470378047,0.042339979468332144,8.0
103,IRSEX,Male,6,6123048.41939882,5090156.970092576,1032891.449306244,209593.68292930067,0.023830143253619943,13.0
104,IRSEX,Female,6,4423835.371987174,5456726.821293417,-1032891.4493062431,195513.68081810453,0.02222929124972508,14.0
105,IRSEX,Male,7,4127988.724182016,4143894.4753560484,-15905.751174032222,61.05196981119794,6.941417156199696e-06,23.0
106,IRSEX,Female,7,4458224.575749241,4442318.82457521,15905.751174030825,56.950644562161756,6.475109360810707e-06,24.0
107,IRSEX,Male,8,3851560.540905247,3297615.021889336,553945.519015911,93053.80888943099,0.010579925716931587,15.0
108,IRSEX,Female,8,2981148.671982359,3535094.1909982697,-553945.5190159106,86802.67666394316,0.009869191622522151,16.0
109,IRSEX,Male,9,2963797.508685883,2999967.0534805013,-36169.54479461815,436.08344602721553,4.958131773878964e-05,21.0
110,IRSEX,Female,9,3252180.520469089,3216010.975674471,36169.54479461815,406.78840356741074,4.62505634494368e-05,22.0
111,IRSEX,Male,10,268037.342460641,266851.1325168199,1186.2099438210716,5.272955065054106,5.995184244771621e-07,25.0
112,IRSEX,Female,10,284882.3220587532,286068.5320025744,-1186.209943821188,4.918730560716141,5.592442112263573e-07,26.0
113,IRSEX,Male,11,1714242.3332814814,1531021.2171783682,183221.11610311316,21926.526562407187,0.002492977182011339,17.0
114,IRSEX,Female,11,1458057.2548455438,1641278.3709486572,-183221.1161031134,20453.55497292464,0.0023255049400272066,18.0
115,IRSEX,Male,12,92582.330645375,75830.48232213192,16751.848323243074,3700.6809616854907,0.0004207557986499832,19.0
116,IRSEX,Female,12,64539.5989130625,81291.44723630555,-16751.84832324305,3452.078069531667,0.0003924904308655534,20.0
117,IRMARIT,Married,0,31195336.27496832,26881266.652198672,4314069.622769646,692348.2048261886,0.0545091408135352,6.0
118,IRMARIT,Widowed,0,4748924.443727431,3042385.6028305967,1706538.8408968342,957233.9590287197,0.07536381303580235,2.0
119,IRMARIT,Divorced/Sep,0,6790042.070505408,7214198.115163455,-424156.04465804715,24938.093929221548,0.001963396545457015,36.0
120,IRMARIT,Never Married,0,9474925.353494665,15071377.772503119,-5596452.419008454,2078129.82668165,0.1636128620855388,1.0
121,IRMARIT,Married,1,32331852.313259024,32157490.645331483,174361.66792754084,945.4093162237359,7.443284922996937e-05,50.0
122,IRMARIT,Widowed,1,2297558.7446796927,3639541.537545588,-1341982.7928658952,494819.9650340137,0.038957580829084244,9.0
123,IRMARIT,Divorced/Sep,1,9710329.98566415,8630192.5948479,1080137.390816249,135187.8037734448,0.010643446434600374,22.0
124,IRMARIT,Never Married,1,18117054.140987,18029570.406864915,87483.73412208632,424.49174124691234,3.342058221068049e-05,51.0
125,IRMARIT,Married,2,23674723.780759413,22109154.559887443,1565569.22087197,110859.37179110957,0.008728049073195297,26.0
126,IRMARIT,Widowed,2,2660015.8569063502,2502284.374990801,157731.48191554938,9942.603101362827,0.0007827892796246013,44.0
127,IRMARIT,Divorced/Sep,2,4747153.432987962,5933493.5074851345,-1186340.0744971726,237196.3111752816,0.01867465971049987,17.0
128,IRMARIT,Never Married,2,11858862.26629297,12395822.894583326,-536960.6282903552,23259.989980976963,0.0018312780481792225,37.0
129,IRMARIT,Married,3,13242903.902996281,13698614.424888263,-455710.52189198136,15160.079211059037,0.0011935654439479914,42.0
130,IRMARIT,Widowed,3,2469174.788387685,1550390.7551766643,918784.0332110208,544484.7351320274,0.042867728826686276,8.0
131,IRMARIT,Divorced/Sep,3,2466069.9019982945,3676334.1416538777,-1210264.2396555832,398423.9389976022,0.03136824280458099,13.0
132,IRMARIT,Never Married,3,8427520.51445043,7680329.786113894,747190.7283365373,72691.40779885332,0.00572305402978049,30.0
133,IRMARIT,Married,4,6853848.908823824,8067509.712749388,-1213660.8039255645,182580.8210255333,0.01437473747134241,19.0
134,IRMARIT,Widowed,4,272420.638664435,913069.8980197498,-640649.2593553148,449507.1783689836,0.03539006804901156,11.0
135,IRMARIT,Divorced/Sep,4,2667634.027291367,2165099.3651751583,502534.6621162086,116641.79976692254,0.009183304360318983,25.0
136,IRMARIT,Never Married,4,5874943.454863473,4523168.053698808,1351775.401164665,403986.03666729206,0.0318061513063758,12.0
137,IRMARIT,Married,5,4975479.757780477,6060874.0965303425,-1085394.338749865,194374.74724391167,0.015303282935172163,18.0
138,IRMARIT,Widowed,5,257395.3527161725,685961.5780175526,-428566.22530138015,267754.0774220645,0.021080497656900187,16.0
139,IRMARIT,Divorced/Sep,5,1445148.804664016,1626573.1466138295,-181424.34194981353,20235.666573276638,0.0015931705910545327,38.0
140,IRMARIT,Never Married,5,5093503.168888642,3398118.2628875854,1695384.906001057,845859.3130463099,0.0665951960038034,3.0
141,IRMARIT,Married,6,4864861.609653356,5430334.9356384445,-565473.325985089,58884.04420546934,0.004635988993532738,32.0
142,IRMARIT,Widowed,6,376846.3364582075,614598.0038996086,-237751.6674414011,91972.07770365586,0.00724103695151568,28.0
143,IRMARIT,Divorced/Sep,6,2473313.3372918046,1457353.6494488395,1015959.6878429651,708252.3090482092,0.05576128395553829,4.0
144,IRMARIT,Never Married,6,2831862.507982626,3044597.202399104,-212734.6944164778,14864.380146185185,0.0011702848145576316,43.0
145,IRMARIT,Married,7,3843680.889168178,4420833.202461303,-577152.313293125,75348.87146480648,0.005932278319183622,29.0
146,IRMARIT,Widowed,7,205688.298237565,500343.95557709545,-294655.6573395304,173524.54333549517,0.013661729316758265,20.0
147,IRMARIT,Divorced/Sep,7,1196106.5310267196,1186430.9435001933,9675.587526526302,78.90639948017852,6.212365411467907e-06,52.0
148,IRMARIT,Never Married,7,3340737.581498794,2478605.1983926664,862132.3831061274,299875.20662114717,0.02360942044805859,15.0
149,IRMARIT,Married,8,2242306.7468727166,3517996.431714386,-1275689.6848416696,462588.35209175677,0.03641995956240108,10.0
150,IRMARIT,Widowed,8,177180.49721847,398162.1042318641,-220981.6070133941,122645.70163559566,0.009655996468291314,24.0
151,IRMARIT,Divorced/Sep,8,1288698.6173160607,944134.2015313791,344564.41578468157,125749.74662761753,0.009900380470997214,23.0
152,IRMARIT,Never Married,8,3124523.3514803587,1972416.4754099783,1152106.8760703804,672956.3813913862,0.05298240668341028,7.0
153,IRMARIT,Married,9,2880584.848758212,3200456.4872943796,-319871.6385361678,31969.77229529868,0.0025170063382464847,35.0
154,IRMARIT,Widowed,9,866155.7103774525,362223.3604320797,503932.34994537284,701080.7172086941,0.05519665866047384,5.0
155,IRMARIT,Divorced/Sep,9,990590.671700315,858915.1492388209,131675.52246149408,20186.444762178115,0.0015892953175814972,39.0
156,IRMARIT,Never Married,9,1478646.7983189928,1794383.0321896926,-315736.23387069977,55556.34866720842,0.004373996800276203,33.0
157,IRMARIT,Married,10,162615.877391835,284684.9391944029,-122069.06180256789,52341.56710757286,0.004120894416970504,34.0
158,IRMARIT,Widowed,10,25471.1191036425,32220.258500241227,-6749.139396598726,1413.7342378671476,0.00011130445360822767,49.0
159,IRMARIT,Divorced/Sep,10,39773.3088881075,76401.66582640189,-36628.35693829439,17560.304706543106,0.001382537161655303,41.0
160,IRMARIT,Never Married,10,325059.35913580924,159612.80099834842,165446.55813746082,171493.5357836082,0.01350182642993421,21.0
161,IRMARIT,Married,11,1221348.7399095835,1633340.1998595295,-411991.45994994603,103920.15275585925,0.00818171867919452,27.0
162,IRMARIT,Widowed,11,77486.6270885625,184859.24688264786,-107372.61979408536,62365.7170299085,0.004910103944551722,31.0
163,IRMARIT,Divorced/Sep,11,385857.1891712125,438343.91971568594,-52486.73054447345,6284.692816168155,0.0004947990090800117,47.0
164,IRMARIT,Never Married,11,1487607.0319576669,915756.2216691627,571850.8102885041,357096.5083169913,0.0281145003629485,14.0
165,IRMARIT,Married,12,53910.9122064875,80898.27479970567,-26987.362593218175,9002.883455068208,0.0007088043827648221,45.0
166,IRMARIT,Widowed,12,878.220467775,9155.957928951495,-8277.737461176495,7483.75407662139,0.0005892020834788377,46.0
167,IRMARIT,Divorced/Sep,12,28463.41014151,21710.88844625842,6752.52169525158,2100.1696617671687,0.0001653480763401713,48.0
168,IRMARIT,Never Married,12,73869.386742665,45356.80838352194,28512.57835914306,17923.81681294892,0.001411156767306586,40.0
169,NEWRACE2,NonHisp White,0,36428456.01400322,33231514.4375748,3196941.576428417,307552.5029801347,0.012751823545978178,17.0
170,NEWRACE2,NonHisp Black,0,4429661.166512733,6205697.394058122,-1776036.227545389,508291.732783146,0.021074926796316236,13.0
171,NEWRACE2,NonHisp NatAmer,0,242232.63748683376,292077.50914565835,-49844.87165882459,8506.34216222953,0.00035269221750236187,60.0
172,NEWRACE2,NonHisp HI/PI,0,183542.5772074525,207838.72503917915,-24296.147831726645,2840.19640396581,0.00011776097748628345,72.0
173,NEWRACE2,NonHisp Asian,0,2230358.256727281,2942446.560306313,-712088.303579032,172329.29866406033,0.00714516314148876,24.0
174,NEWRACE2,NonHisp >1 Race,0,662630.2249617622,896511.5712179781,-233881.34625621594,61014.81105514931,0.002529812297826489,41.0
175,NEWRACE2,Hispanic,0,8032347.265796542,8433141.945353776,-400794.67955723405,19048.22380582462,0.0007897825134977547,57.0
176,NEWRACE2,NonHisp White,1,43624772.72696248,39754157.736800835,3870614.9901616424,376857.6987909703,0.01562537397797166,15.0
177,NEWRACE2,NonHisp Black,1,8083590.085511743,7423744.516178136,659845.5693336073,58649.13244527189,0.0024317259031220364,43.0
178,NEWRACE2,NonHisp NatAmer,1,435147.7569185295,349406.14553574246,85741.61138278706,21040.339491581282,0.0008723801430465056,55.0
179,NEWRACE2,NonHisp HI/PI,1,233689.761427995,248633.0701101231,-14943.308682128118,898.1205688787165,3.723811351356383e-05,82.0
180,NEWRACE2,NonHisp Asian,1,1689693.4312387554,3519986.575100574,-1830293.1438618188,951700.5025429291,0.03945965895075179,8.0
181,NEWRACE2,NonHisp >1 Race,1,1284240.3459924217,1072477.8276962459,211762.51829617587,41812.85896741079,0.0017336558614830502,48.0
182,NEWRACE2,Hispanic,1,7105661.076537948,10088389.313168231,-2982728.2366302833,881871.9676072478,0.03656440969299662,9.0
183,NEWRACE2,NonHisp White,2,22807229.67450381,27332071.00936139,-4524841.334857579,749090.293912349,0.031058980679445822,11.0
184,NEWRACE2,NonHisp Black,2,5682930.345536855,5104027.448271292,578902.8972655628,65659.63209621239,0.0027223971012156805,39.0
185,NEWRACE2,NonHisp NatAmer,2,120453.43973581375,240226.28385482426,-119772.84411901051,59716.755211624615,0.0024759919617568394,42.0
186,NEWRACE2,NonHisp HI/PI,2,160586.81279048751,170942.03762326486,-10355.224832777341,627.2926357277412,2.600897383367548e-05,83.0
187,NEWRACE2,NonHisp Asian,2,4104184.040680128,2420087.0676122126,1684096.9730679155,1171934.1228061044,0.048591043794884804,4.0
188,NEWRACE2,NonHisp >1 Race,2,457371.98098629323,737357.8466089362,-279985.865622643,106314.84469715907,0.004408054321651265,30.0
189,NEWRACE2,Hispanic,2,9607999.042713305,6936043.643614779,2671955.3990985258,1029310.9475088351,0.04267756382858661,6.0
190,NEWRACE2,NonHisp White,3,9668107.472320933,16934682.01946544,-7266574.547144506,3118045.298312319,0.12928122212360532,2.0
191,NEWRACE2,NonHisp Black,3,4927899.369709075,3162405.1403017873,1765494.2294072881,985632.6864473104,0.040866564170139,7.0
192,NEWRACE2,NonHisp NatAmer,3,149716.76418578374,148841.8396251761,874.9245606076438,5.142996006245262,2.132402660808329e-07,90.0
193,NEWRACE2,NonHisp HI/PI,3,200444.4588518475,105914.00300101613,94530.45585083138,84370.40268679344,0.003498188039895763,34.0
194,NEWRACE2,NonHisp Asian,3,4253249.842670045,1499462.1130391594,2753787.7296308856,5057378.10506959,0.2096903539273308,1.0
195,NEWRACE2,NonHisp >1 Race,3,307835.61114982323,456859.6599431951,-149024.04879337188,48610.47946656222,0.0020155006076573384,46.0
196,NEWRACE2,Hispanic,3,7098415.588945183,4297504.332456919,2800911.2564882636,1825502.2589442166,0.075689459403765,3.0
197,NEWRACE2,NonHisp White,4,12749108.99860649,9973323.391462218,2775785.607144272,772559.5004194129,0.03203206715164901,10.0
198,NEWRACE2,NonHisp Black,4,460711.65439747926,1862431.7316852552,-1401720.077287776,1054975.1390316712,0.04374165935236953,5.0
199,NEWRACE2,NonHisp NatAmer,4,103846.97183607075,87657.25858068958,16189.713255381168,2990.132472032446,0.00012397766655444887,71.0
200,NEWRACE2,NonHisp HI/PI,4,37202.0861487775,62375.81564267111,-25173.72949389361,10159.653226212971,0.0004212422398570557,58.0
201,NEWRACE2,NonHisp Asian,4,280505.0931144725,883076.5496154778,-602571.4565010052,411167.48072162695,0.017047935266991582,14.0
202,NEWRACE2,NonHisp >1 Race,4,411175.0133530035,269057.84991354507,142117.1634394584,75066.71204935155,0.003112435948186429,36.0
203,NEWRACE2,Hispanic,4,1626297.2121868052,2530924.432743246,-904627.220556441,323340.51447149256,0.013406430270777538,16.0
204,NEWRACE2,NonHisp White,5,6620258.091399779,7492653.811634929,-872395.7202351503,101576.06527913733,0.004211573791086929,32.0
205,NEWRACE2,NonHisp Black,5,2364044.702902698,1399188.180869311,964856.5220333869,665348.7506819622,0.027586866577318774,12.0
206,NEWRACE2,NonHisp NatAmer,5,48453.404664975,65854.22600297123,-17400.821337996233,4597.861088264915,0.00019063773735654,68.0
207,NEWRACE2,NonHisp HI/PI,5,42412.146759215,46861.048667988325,-4448.901908773325,422.3705776223426,1.751244104555664e-05,85.0
208,NEWRACE2,NonHisp Asian,5,414597.1677648385,663428.4897555853,-248831.32199074683,93328.86326071658,0.0038696261110391767,33.0
209,NEWRACE2,NonHisp >1 Race,5,264985.2135348165,202134.95999044875,62850.25354436776,19542.16317047761,0.000810262358595534,56.0
210,NEWRACE2,Hispanic,5,2016776.357022987,1901406.367128078,115369.98989490909,7000.205110523254,0.00029024436312525474,61.0
211,NEWRACE2,NonHisp White,6,7655724.038471995,6713160.363660758,942563.6748112366,132340.98888547838,0.005487157222963273,28.0
212,NEWRACE2,NonHisp Black,6,844999.8418462125,1253624.5332099325,-408624.69136372,133193.10046091277,0.005522487699373432,27.0
213,NEWRACE2,NonHisp NatAmer,6,69560.13798631,59003.12371248315,10557.014273826848,1888.8923732389524,7.831775715524864e-05,75.0
214,NEWRACE2,NonHisp HI/PI,6,26495.008619105,41985.88943599852,-15490.880816893521,5715.429438478269,0.0002369746530519103,65.0
215,NEWRACE2,NonHisp Asian,6,214902.7358476775,594409.1310657654,-379506.3952180879,242299.61567581067,0.010046291005330684,20.0
216,NEWRACE2,NonHisp >1 Race,6,297366.5199936397,181105.97868686772,116260.54130677201,74633.1709364145,0.003094460351439433,37.0
217,NEWRACE2,Hispanic,6,1437835.5086210542,1703594.7716141914,-265759.2629931371,41458.20769321448,0.0017189512161783107,49.0
218,NEWRACE2,NonHisp White,7,6383658.5835979115,5465180.800239067,918477.7833588449,154359.29191708993,0.006400085949994711,26.0
219,NEWRACE2,NonHisp Black,7,816439.1942973703,1020575.1625857938,-204135.9682884235,40831.38124140775,0.0016929615713861584,50.0
220,NEWRACE2,NonHisp NatAmer,7,54965.88217307375,48034.41619138544,6931.465981688307,1000.2249317213257,4.147159171851143e-05,81.0
221,NEWRACE2,NonHisp HI/PI,7,27038.560835329998,34180.693502970644,-7142.132667640646,1492.3646601186254,6.187681981998245e-05,77.0
222,NEWRACE2,NonHisp Asian,7,151125.59767449874,483908.2033809686,-332782.60570646985,228853.86502448202,0.009488799721443984,21.0
223,NEWRACE2,NonHisp >1 Race,7,164964.24655042,147438.29491781112,17525.951632608892,2083.3052959529327,8.637855738117528e-05,74.0
224,NEWRACE2,Hispanic,7,988021.234802652,1386895.7291132617,-398874.49431060965,114717.24865233288,0.004756437025612957,29.0
225,NEWRACE2,NonHisp White,8,5381576.305266937,4349064.005222058,1032512.3000448793,245128.98602179438,0.010163603109926166,19.0
226,NEWRACE2,NonHisp Black,8,389675.85615955875,812150.0214652307,-422474.165305672,219767.79613785358,0.009112070720554102,22.0
227,NEWRACE2,NonHisp NatAmer,8,48070.2191792175,38224.673273512155,9845.545905705345,2535.92158885822,0.00010514505430523315,73.0
228,NEWRACE2,NonHisp HI/PI,8,20348.959931865,27200.202375883782,-6851.242444018782,1725.704918590677,7.155163557786537e-05,76.0
229,NEWRACE2,NonHisp Asian,8,122375.64904505324,385082.914194492,-262707.26514943875,179221.42120135817,0.007430926156262723,23.0
230,NEWRACE2,NonHisp >1 Race,8,182865.20015411873,117327.97227683985,65537.22787727888,36607.87921659347,0.0015178456089256225,51.0
231,NEWRACE2,Hispanic,8,687797.0231508558,1103659.4240795914,-415862.4009287356,156698.28276095126,0.006497065809457941,25.0
232,NEWRACE2,NonHisp White,9,3638004.444212322,3956510.581901991,-318506.1376896687,25640.3104821781,0.001063105361733794,52.0
233,NEWRACE2,NonHisp Black,9,969020.4626546358,738844.0708531373,230176.39180149848,71708.19044616546,0.0029731840336541283,38.0
234,NEWRACE2,NonHisp NatAmer,9,77185.34942883225,34774.453563985924,42410.89586484633,51724.294811684464,0.0021446064463385562,45.0
235,NEWRACE2,NonHisp HI/PI,9,25860.7487894175,24745.068916171316,1115.679873246183,50.302611149858606,2.0856602208384033e-06,88.0
236,NEWRACE2,NonHisp Asian,9,398586.1251379875,350324.71885691915,48261.40628106834,6648.584044614984,0.0002756653571211949,62.0
237,NEWRACE2,NonHisp >1 Race,9,117949.45398929325,106737.76318514273,11211.690804150523,1177.671397046574,4.882892418291754e-05,79.0
238,NEWRACE2,Hispanic,9,989371.4449424834,1004041.3718776265,-14669.92693514307,214.3405265063776,8.887043825938006e-06,86.0
239,NEWRACE2,NonHisp White,10,205324.0959088725,351936.97489791136,-146612.87898903887,61077.23205750077,0.0025324004140012428,40.0
240,NEWRACE2,NonHisp Black,10,196245.8164622455,65721.18078155376,130524.63568069175,259226.63465533877,0.010748123561056326,18.0
241,NEWRACE2,NonHisp NatAmer,10,6956.1532774775,3093.2347425073212,3862.9185349701784,4824.1213001896285,0.00020001899834444335,66.0
242,NEWRACE2,NonHisp HI/PI,10,9240.18382613,2201.107394438254,7039.076431691747,22510.758510192343,0.0009333470468508611,54.0
243,NEWRACE2,NonHisp Asian,10,13535.42741161,31161.85821679158,-17626.430805181582,9970.235432315723,0.0004133885489885337,59.0
244,NEWRACE2,NonHisp >1 Race,10,9002.46183558775,9494.468599320764,-492.00676373301394,25.495966733341092,1.0571205428905103e-06,89.0
245,NEWRACE2,Hispanic,10,112615.525797471,89310.83988687131,23304.685910599685,6081.102653156668,0.0002521362929796814,63.0
246,NEWRACE2,NonHisp White,11,2421868.153332017,2019189.390715104,402678.76261691283,80304.59480834629,0.003329610434005965,35.0
247,NEWRACE2,NonHisp Black,11,250985.0683233125,377066.1238929979,-126081.05556968541,42158.20930675045,0.001747974868956995,47.0
248,NEWRACE2,NonHisp NatAmer,11,26109.5280577665,17747.003641415962,8362.524416350538,3940.4857308340147,0.00016338146572744962,70.0
249,NEWRACE2,NonHisp HI/PI,11,16951.8360603975,12628.547199291916,4323.288861105586,1480.0456680882207,6.13660465012357e-05,78.0
250,NEWRACE2,NonHisp Asian,11,81320.29793108,178786.8226251759,-97466.5246940959,53134.360219941074,0.002203070952724113,44.0
251,NEWRACE2,NonHisp >1 Race,11,91095.05290109753,54473.19160422766,36621.86129686987,24620.564452902156,0.0010208243810848454,53.0
252,NEWRACE2,Hispanic,11,283969.6515213546,512408.5084488124,-228438.8569274578,101841.2272510821,0.004222568007178748,31.0
253,NEWRACE2,NonHisp White,12,89365.0579133975,100009.13356370527,-10644.075650307772,1132.8599940055042,4.697094189081979e-05,80.0
254,NEWRACE2,NonHisp Black,12,27947.779024475,18675.839185846897,9271.939838628103,4603.213141623573,0.0001908596456140796,67.0
255,NEWRACE2,NonHisp NatAmer,12,3120.9204550525,878.9975153848039,2241.922939667696,5718.125909841607,0.00023708645486359735,64.0
256,NEWRACE2,NonHisp HI/PI,12,2318.5513671500003,625.4837061729289,1693.0676609770712,4582.818187519451,0.0001900140246113434,69.0
257,NEWRACE2,NonHisp Asian,12,6582.53324205,8855.194716043607,-2272.6614739936067,583.2723436354257,2.418379279380638e-05,84.0
258,NEWRACE2,NonHisp >1 Race,12,2194.08088986,2698.0216515792736,-503.9407617192737,94.12685445780235,3.902712633951133e-06,87.0
259,NEWRACE2,Hispanic,12,25593.0066664525,25379.25921970473,213.74744674776957,1.8002090051437734,7.464074379832663e-08,91.0
260,EDUHIGHCAT,< High School,0,6755392.152662202,6454163.749939239,301228.40272296313,14058.916712158396,0.0013503123607482275,43.0
261,EDUHIGHCAT,HS Grad,0,13565822.403711095,12898246.639044821,667575.7646662742,34551.7816522978,0.0033185841275112527,34.0
262,EDUHIGHCAT,Some Coll,0,14873915.137345612,16143107.001657823,-1269191.864312211,99785.49905361336,0.009584066507698833,17.0
263,EDUHIGHCAT,Coll Grad,0,17014098.448976915,16713710.752053948,300387.6969229672,5398.727416148188,0.0005185298776278223,46.0
264,EDUHIGHCAT,< High School,1,5757120.129029526,7720979.561620944,-1963859.4325914178,499514.84007925546,0.04797674506122314,6.0
265,EDUHIGHCAT,HS Grad,1,14854849.61540543,15429899.602678755,-575049.9872733261,21431.279293978256,0.0020584033556639183,40.0
266,EDUHIGHCAT,Some Coll,1,21019417.762144055,19311657.412167985,1707760.3499760702,151019.9435866536,0.014504965120691073,13.0
267,EDUHIGHCAT,Coll Grad,1,20825407.678010855,19994258.608122177,831149.0698886774,34550.35717584394,0.0033184473112683925,35.0
268,EDUHIGHCAT,< High School,2,4910072.464130283,5308384.673553245,-398312.2094229618,29887.173958176045,0.0028705640164050613,37.0
269,EDUHIGHCAT,HS Grad,2,9570673.893548636,10608478.096803749,-1037804.2032551132,101526.1147231367,0.009751246874578507,16.0
270,EDUHIGHCAT,Some Coll,2,12675342.954479925,13277292.785132265,-601949.8306523394,27290.472876227268,0.0026211594826196544,38.0
271,EDUHIGHCAT,Coll Grad,2,15784666.02478785,13746599.781457437,2038066.2433304135,302163.0132715307,0.029021756095092346,8.0
272,EDUHIGHCAT,< High School,3,6550819.71574946,3289022.8644890543,3261796.851260406,3234796.210680981,0.31069145633436657,1.0
273,EDUHIGHCAT,HS Grad,3,7811770.541177494,6572908.551946314,1238861.9892311804,233500.74266701483,0.02242697254152485,10.0
274,EDUHIGHCAT,Some Coll,3,6094121.602654029,8226479.849205216,-2132358.2465511877,552721.4282393397,0.05308706153416083,5.0
275,EDUHIGHCAT,Coll Grad,3,6148957.248251707,8517257.842192104,-2368300.593940397,658527.4048501597,0.06324937496013558,4.0
276,EDUHIGHCAT,< High School,4,1240187.213705213,1937000.5667516037,-696813.3530463907,250670.4733690558,0.024076068277161005,9.0
277,EDUHIGHCAT,HS Grad,4,3438812.9416191312,3870975.70156428,-432162.7599451486,48247.43565503024,0.004634006308825345,29.0
278,EDUHIGHCAT,Some Coll,4,5680003.140134914,4844811.601136919,835191.5389979947,143977.71559375973,0.013828582459017856,15.0
279,EDUHIGHCAT,Coll Grad,4,5309843.734183841,5016059.160190296,293784.573993545,17206.61044063411,0.001652637912313281,42.0
280,EDUHIGHCAT,< High School,5,874729.8860085503,1455209.4733070307,-580479.5872984804,231551.92255893225,0.02223979482828448,11.0
281,EDUHIGHCAT,HS Grad,5,2425782.0182657605,2908146.0318333716,-482364.0135676111,80008.03227834128,0.007684506363933157,19.0
282,EDUHIGHCAT,Some Coll,5,4228059.775353678,3639759.254270962,588300.5210827156,95088.02064314485,0.009132889273216892,18.0
283,EDUHIGHCAT,Coll Grad,5,4242955.40442132,3768412.324637945,474543.0797833754,59757.56238190482,0.0057395158378515795,24.0
284,EDUHIGHCAT,< High School,6,1028822.0371693913,1303817.6863127693,-274995.649143378,58000.90598682595,0.005570794812439213,26.0
285,EDUHIGHCAT,HS Grad,6,2828601.5585144116,2605598.9190805997,223002.63943381188,19085.891090250483,0.0018331365910128545,41.0
286,EDUHIGHCAT,Some Coll,6,3710063.404655667,3261099.2277658153,448964.1768898517,61810.0885781624,0.005936654177192424,22.0
287,EDUHIGHCAT,Coll Grad,6,2979396.7910465244,3376367.9582268093,-396971.16718028486,46673.26237014708,0.004482812181421553,30.0
288,EDUHIGHCAT,< High School,7,661671.4695913268,1061437.3857088983,-399765.9161175715,150562.61428231836,0.014461040156540586,14.0
289,EDUHIGHCAT,HS Grad,7,1715058.1427313534,2121216.8955126377,-406158.7527812843,77769.00740788276,0.007469455444968101,21.0
290,EDUHIGHCAT,Some Coll,7,3050276.4038135316,2654859.39882142,395417.0049921116,58893.743264273275,0.005656548874189311,25.0
291,EDUHIGHCAT,Coll Grad,7,3159207.2837950448,2748699.6198883024,410507.66390674235,61307.73290281128,0.0058884045793175036,23.0
292,EDUHIGHCAT,< High School,8,676602.6233718225,844667.2299993513,-168064.6066275288,33440.04715429494,0.0032118057131242297,36.0
293,EDUHIGHCAT,HS Grad,8,1736588.257319838,1688015.1608414021,48573.09647843591,1397.7040942733072,0.0001342448464420769,47.0
294,EDUHIGHCAT,Some Coll,8,2518492.482371404,2112675.476323608,405817.006047796,77952.0774691716,0.007487038717684091,20.0
295,EDUHIGHCAT,Coll Grad,8,1901025.849824542,2187351.3457232453,-286325.49589870335,37480.16511473196,0.0035998456547892284,33.0
296,EDUHIGHCAT,< High School,9,1746638.1620952706,768426.2245084253,978211.9375868452,1245270.611956995,0.11960411561068895,2.0
297,EDUHIGHCAT,HS Grad,9,2341401.6204360104,1535652.2318965034,805749.388539507,422772.8541962912,0.04060593163030528,7.0
298,EDUHIGHCAT,Some Coll,9,1320833.3456313838,1921982.032952949,-601148.6873215651,188024.51743693673,0.018059131810578707,12.0
299,EDUHIGHCAT,Coll Grad,9,807104.9009923075,1989917.5397970958,-1182812.6388047882,703067.1927536263,0.0675272739890944,3.0
300,EDUHIGHCAT,< High School,10,123096.3809445795,68352.55341481042,54743.827529769085,43844.54571026673,0.004211123320245815,31.0
301,EDUHIGHCAT,HS Grad,10,191500.22690119725,136598.34589121013,54901.88100998712,22066.27407359216,0.0021193924999542268,39.0
302,EDUHIGHCAT,Some Coll,10,156867.5843946075,170962.90493438506,-14095.320539777575,1162.1121037650096,0.00011161701647552513,50.0
303,EDUHIGHCAT,Coll Grad,10,81455.47227901,177005.8602789887,-95550.38799997869,51579.5162519273,0.004954041608067734,28.0
304,EDUHIGHCAT,< High School,11,265029.73419479677,392163.2579910311,-127133.52379623434,41214.806699758024,0.003958545602905703,32.0
305,EDUHIGHCAT,HS Grad,11,685411.1976761488,783713.9899630379,-98302.79228688905,12330.313220330552,0.0011842857237293833,44.0
306,EDUHIGHCAT,Some Coll,11,1216806.7322193426,980875.8626441043,235930.86957523832,56748.64408272703,0.0054505192063865416,27.0
307,EDUHIGHCAT,Coll Grad,11,1005051.9240367373,1015546.4775288523,-10494.553492114996,108.44964306001843,1.041622882764726e-05,51.0
308,EDUHIGHCAT,< High School,12,32866.8493350325,19423.590391049423,13443.258943983077,9304.212423994437,0.0008936387703528894,45.0
309,EDUHIGHCAT,HS Grad,12,31994.592518065,38816.84276787912,-6822.250249814118,1199.043898274054,0.00011516419295086823,49.0
310,EDUHIGHCAT,Some Coll,12,49944.623543885,48582.14172859117,1362.4818152938315,38.21068052901189,3.670009239496024e-06,52.0
311,EDUHIGHCAT,Coll Grad,12,42315.864161455,50299.35467091778,-7983.490509462783,1267.1359529694612,0.00012170420915598853,48.0
312,IRWRKSTAT,Empl Full Time,0,24069196.35442557,25893387.671928927,-1824191.3175033554,128514.43020961547,0.012230959121014724,19.0
313,IRWRKSTAT,Empl Part Time,0,5564400.302867158,6790361.147104631,-1225960.8442374729,221340.21431898637,0.021065362922720307,14.0
314,IRWRKSTAT,Unemployed,0,1513713.293241604,2208938.162188629,-695224.8689470252,218809.93622904975,0.020824551615909577,15.0
315,IRWRKSTAT,Other,0,21061918.19216149,17316541.16147364,3745377.03068785,810083.7789254194,0.07709719109732012,4.0
316,IRWRKSTAT,Empl Full Time,1,34882132.245573334,30975711.91898766,3906420.326585673,492647.91097852,0.046886224764047905,7.0
317,IRWRKSTAT,Empl Part Time,1,7985705.354641838,8123165.395875398,-137460.04123356007,2326.0960493955045,0.00022137891943578488,48.0
318,IRWRKSTAT,Unemployed,1,2605695.3942287015,2642505.9951885324,-36810.60095983092,512.7785312469006,4.8802093613807717e-05,51.0
319,IRWRKSTAT,Other,1,16983262.19014599,20715411.874538276,-3732149.6843922846,672395.091686773,0.06399310074501302,6.0
320,IRWRKSTAT,Empl Full Time,2,20994096.949217968,21296649.35528387,-302552.4060659036,4298.232876410491,0.00040907087646290517,44.0
321,IRWRKSTAT,Empl Part Time,2,5932841.623406743,5584898.437310489,347943.1860962538,21677.110534728567,0.0020630512260727085,31.0
322,IRWRKSTAT,Unemployed,2,1507668.780158541,1816795.1634476862,-309126.3832891453,52597.63057938103,0.005005815054615634,26.0
323,IRWRKSTAT,Other,2,14506147.984163444,14242412.380904647,263735.6032587979,4883.756105780162,0.0004647962192990682,41.0
324,IRWRKSTAT,Empl Full Time,3,8707680.35707569,13195194.20201494,-4487513.8449392505,1526145.064651369,0.14524608534655167,2.0
325,IRWRKSTAT,Empl Part Time,3,3684817.5125243287,3460348.069287135,224469.44323719386,14561.116378560122,0.0013858087289654545,33.0
326,IRWRKSTAT,Unemployed,3,1552269.7970811073,1125668.390695732,426601.4063853752,161671.7333756701,0.015386601790290343,16.0
327,IRWRKSTAT,Other,3,12660901.441151567,8824458.445834883,3836442.9953166842,1667897.803208699,0.15873695907768595,1.0
328,IRWRKSTAT,Empl Full Time,4,9363160.764198711,7771031.002446676,1592129.7617520355,326195.7361202777,0.03104465940073019,9.0
329,IRWRKSTAT,Empl Part Time,4,2205128.457772191,2037898.9285038775,167229.52926831366,13722.817686465341,0.0013060262717154185,34.0
330,IRWRKSTAT,Unemployed,4,821325.2587242645,662938.629674356,158386.6290499085,37841.095900711116,0.0036014079998727354,27.0
331,IRWRKSTAT,Other,4,3279232.548947932,5196978.469018189,-1917745.920070257,707670.7044046914,0.067350346903424,5.0
332,IRWRKSTAT,Empl Full Time,5,6115865.26838128,5838138.680097353,277726.5882839272,13211.75499012706,0.0012573874773248303,36.0
333,IRWRKSTAT,Empl Part Time,5,2193876.1824736977,1531011.3364470622,662864.8460266355,286993.17479750613,0.027313678185657136,10.0
334,IRWRKSTAT,Unemployed,5,521741.09196017345,498045.5817527991,23695.510207374347,1127.3610781000093,0.00010729306614342074,50.0
335,IRWRKSTAT,Other,5,2940044.541234158,3904331.4857520936,-964286.9445179356,238158.392739191,0.02266598047525461,13.0
336,IRWRKSTAT,Empl Full Time,6,5946773.424905545,5230771.655821683,716001.7690838622,98008.20358132965,0.009327624373170527,20.0
337,IRWRKSTAT,Empl Part Time,6,1272563.071077882,1371733.5510939634,-99170.48001608136,7169.602361024639,0.0006823444904093109,39.0
338,IRWRKSTAT,Unemployed,6,505496.7179024388,446231.7281398187,59264.98976262007,7871.109986296029,0.0007491082855238342,38.0
339,IRWRKSTAT,Other,6,2822050.577500128,3498146.8563305275,-676096.2788303993,130670.95151282655,0.012436199294123306,18.0
340,IRWRKSTAT,Empl Full Time,7,4893839.446946772,4258368.827084375,635470.6198623972,94830.42101470326,0.009025188852081685,21.0
341,IRWRKSTAT,Empl Part Time,7,1276474.5229181508,1116727.6603525698,159746.862565581,22851.64145704945,0.0021748335346729424,30.0
342,IRWRKSTAT,Unemployed,7,433479.60440129373,363277.047020722,70202.55738057173,13566.502764737956,0.0012911494877267734,35.0
343,IRWRKSTAT,Other,7,1982419.72566504,2847839.7654735893,-865420.0398085492,262989.4611285063,0.02502919977993089,11.0
344,IRWRKSTAT,Empl Full Time,8,3925453.532211442,3388711.0534425867,536742.4787688553,85015.35951914884,0.00809107105903256,22.0
345,IRWRKSTAT,Empl Part Time,8,958125.6080080313,888665.9469825324,69459.66102549888,5429.086740815602,0.000516696357623429,40.0
346,IRWRKSTAT,Unemployed,8,438956.54239510524,289087.4404469971,149869.10194810812,77695.3425717936,0.0073944113306097965,23.0
347,IRWRKSTAT,Other,8,1510173.5302730277,2266244.7720154896,-756071.2417424619,252242.70990004126,0.024006411329290146,12.0
348,IRWRKSTAT,Empl Full Time,9,1865797.5614970818,3082840.6125674546,-1217043.0510703728,480463.95331645536,0.04572665468422245,8.0
349,IRWRKSTAT,Empl Part Time,9,578927.2902310537,808453.5474278033,-229526.25719674956,65164.29164095304,0.006201807734044988,24.0
350,IRWRKSTAT,Unemployed,9,295889.0275092915,262993.9490083696,32895.078500921896,4114.4908225526415,0.00039158380091908424,45.0
351,IRWRKSTAT,Other,9,3475364.149917545,2061689.920151344,1413674.2297662008,969338.2153987334,0.09225373421211504,3.0
352,IRWRKSTAT,Empl Full Time,10,199069.79767385375,274222.84784029186,-75153.0501664381,20596.31789911452,0.001960190165856141,32.0
353,IRWRKSTAT,Empl Part Time,10,81198.10641829525,71913.0380008862,9285.068417409057,1198.8437411711727,0.0001140962051252349,49.0
354,IRWRKSTAT,Unemployed,10,49712.770355583,23393.667959297258,26319.102396285743,29610.369444902663,0.002818074341130688,29.0
355,IRWRKSTAT,Other,10,222938.99007166224,183390.11071891896,39548.87935274327,8528.888782095519,0.0008117103260026466,37.0
356,IRWRKSTAT,Empl Full Time,11,1816976.3446423656,1573315.407428893,243660.93721347256,37736.01405249768,0.0035914071634860134,28.0
357,IRWRKSTAT,Empl Part Time,11,455796.95507963677,412591.0425513045,43205.912528332265,4524.458082906087,0.00043060115324410135,43.0
358,IRWRKSTAT,Unemployed,11,222638.37637335,134217.91264480527,88420.46372854474,58249.88819980347,0.005543751003007353,25.0
359,IRWRKSTAT,Other,11,676887.9120316731,1052175.2255020223,-375287.3134703492,133856.57088114118,0.012739380658312661,17.0
360,IRWRKSTAT,Empl Full Time,12,76226.4741751725,77925.28598006691,-1698.8118048944161,37.034981805351926,3.5246886109984243e-06,52.0
361,IRWRKSTAT,Empl Part Time,12,28348.47875553,20435.365236882706,7913.113518647293,3064.1666949991077,0.00029162248570359215,46.0
362,IRWRKSTAT,Unemployed,12,12154.739509802499,6647.725673510121,5507.013836292378,4562.041648915151,0.0004341780516416513,42.0
363,IRWRKSTAT,Other,12,40392.2371179325,52113.55266797774,-11721.315550045241,2636.3437376656548,0.00025090577324070193,47.0
364,GOVTPROG,Yes,0,7499065.319898354,9149031.456945358,-1649966.137047004,297560.2681238078,0.13627585503500733,4.0
365,GOVTPROG,No,0,44710162.82279747,43060196.68575046,1649966.1370470077,63222.84761654888,0.028954630505670754,10.0
366,GOVTPROG,Yes,1,10881902.198611576,10944792.79184189,-62890.59323031455,361.37977137484614,0.00016550374029093148,25.0
367,GOVTPROG,No,1,51574892.98597829,51512002.39274798,62890.5932303071,76.7826241096925,3.516470064486651e-05,26.0
368,GOVTPROG,Yes,2,5950583.421378599,7524844.464065926,-1574261.0426873276,329348.7117717625,0.15083424136014242,3.0
369,GOVTPROG,No,2,36990171.9155681,35415910.87288077,1574261.0426873267,69976.96146848817,0.03204786148701214,9.0
370,GOVTPROG,Yes,3,6018804.492399744,4662319.522045933,1356484.970353811,394664.3867060237,0.18074733931834014,1.0
371,GOVTPROG,No,3,20586864.615432948,21943349.58578676,-1356484.970353812,83854.63065254304,0.03840351926980178,6.0
372,GOVTPROG,Yes,4,3207194.7630871143,2745774.6354046646,461420.12768244976,77540.42574550565,0.035511756609422886,8.0
373,GOVTPROG,No,4,12461652.266555985,12923072.394238437,-461420.12768245116,16475.07092240787,0.007545208877750318,15.0
374,GOVTPROG,Yes,5,1935392.813487754,2062816.7743429583,-127423.96085520438,7871.210861759824,0.003604836079462229,18.0
375,GOVTPROG,No,5,9836134.270561555,9708710.309706353,127423.96085520275,1672.40192384722,0.0007659221561113932,22.0
376,GOVTPROG,Yes,6,2155355.038963322,1848212.9503314109,307142.0886319112,51041.879450231616,0.02337602331296445,12.0
377,GOVTPROG,No,6,8391528.752422672,8698670.841054583,-307142.0886319112,10844.905426693434,0.004966720755815155,17.0
378,GOVTPROG,Yes,7,1558593.363394029,1504629.3226632148,53964.04073081422,1935.4386147695748,0.0008863869956783086,21.0
379,GOVTPROG,No,7,7027619.936537228,7081583.977268042,-53964.04073081445,411.22405684165136,0.00018833129271729118,24.0
380,GOVTPROG,Yes,8,1627237.0733831224,1197349.0846103367,429887.98877278576,154344.0298793505,0.07068606562958776,5.0
381,GOVTPROG,No,8,5205472.139504484,5635360.128277271,-429887.98877278715,32793.588818538636,0.015018720019614224,14.0
382,GOVTPROG,Yes,9,1740942.7937085596,1089274.4548719458,651668.3388366138,389866.5042062294,0.1785500179348787,2.0
383,GOVTPROG,No,9,4475035.235446412,5126703.574283026,-651668.338836614,82835.22105166041,0.03793665278971992,7.0
384,GOVTPROG,Yes,10,169936.00606521725,96892.43805760672,73043.56800761053,55064.80107467543,0.025218430189281004,11.0
385,GOVTPROG,No,10,382983.658454177,456027.2264617876,-73043.56800761056,11699.658524071701,0.005358178291202839,16.0
386,GOVTPROG,Yes,11,604938.5378122481,555906.8723119862,49031.66550026194,4324.652817712145,0.0019805929204838044,20.0
387,GOVTPROG,No,11,2567361.050314777,2616392.7158150394,-49031.66550026229,918.8621445082651,0.00042081802517419345,23.0
388,GOVTPROG,Yes,12,59432.650114882505,27533.70481128648,31898.945303596025,36956.258464160805,0.016925128320568583,13.0
389,GOVTPROG,No,12,97689.279443555,129588.22474715103,-31898.945303596032,7852.123242425866,0.0035960943826566743,19.0
390,INCOME,<20k,0,7241489.8121197,8300835.407310102,-1059345.5951904021,135192.78903675577,0.02162877788574147,10.0
391,INCOME,20k-49999,0,15920084.707723722,15305955.402346464,614129.305377258,24641.04943526322,0.003942190917904543,21.0
392,INCOME,50k-74999,0,8524551.427104486,8265498.803724406,259052.62338007987,8119.081893746417,0.0012989288864233978,31.0
393,INCOME,>75k,0,20523102.195747916,20336938.52931485,186163.66643306613,1704.1360797666482,0.0002726357006092249,41.0
394,INCOME,<20k,1,8448750.069993708,9930113.800540641,-1481363.7305469327,220988.25313164588,0.035354739527142166,7.0
395,INCOME,20k-49999,1,16494158.805354875,18310190.663153112,-1816031.8577982374,180116.7322181335,0.028815921488182576,8.0
396,INCOME,50k-74999,1,10109546.38601226,9887841.36918734,221705.01682491973,4971.066246927233,0.0007952945454869189,35.0
397,INCOME,>75k,1,27404339.923229024,24328649.35170876,3075690.571520265,388836.7313360217,0.06220792806928514,5.0
398,INCOME,<20k,2,5984291.828232271,6827224.898697045,-842933.070464774,104073.9351385327,0.016650237359881644,11.0
399,INCOME,20k-49999,2,12794469.615676003,12588756.997786175,205712.61788982712,3361.545636835145,0.0005377958724715978,38.0
400,INCOME,50k-74999,2,7014994.8492964525,6798161.445683243,216833.40361320972,6916.094196666102,0.0011064692598056216,32.0
401,INCOME,>75k,2,17146999.043741968,16726611.994780226,420387.04896174185,10565.515060067844,0.0016903207642275568,29.0
402,INCOME,<20k,3,6734951.113739157,4230081.309799472,2504869.803939685,1483274.735205096,0.23730126451168063,1.0
403,INCOME,20k-49999,3,9265115.670193924,7799869.856360744,1465245.81383318,275253.9894245591,0.04403642710418104,6.0
404,INCOME,50k-74999,3,3760189.8692859528,4212073.880541447,-451884.01125549385,48479.481941590784,0.0077559754066868535,12.0
405,INCOME,>75k,3,6845412.454613658,10363644.061131027,-3518231.606517369,1194363.0603371891,0.1910798166901063,2.0
406,INCOME,<20k,4,2244987.0189456297,2491217.067218479,-246230.04827284906,24337.195449669907,0.0038935789289743627,22.0
407,INCOME,20k-49999,4,4420964.403860285,4593568.653924992,-172604.25006470736,6485.638810458172,0.0010376029836946883,33.0
408,INCOME,50k-74999,4,2484209.568476295,2480611.9719924377,3597.596483857371,5.217543334787378,8.347271086083299e-07,49.0
409,INCOME,>75k,4,6518686.038360889,6103449.336507187,415236.70185370184,28249.848415226057,0.004519543542464168,19.0
410,INCOME,<20k,5,1733328.6352695208,1871575.4339504952,-138246.7986809744,10211.812464964956,0.0016337337604265566,30.0
411,INCOME,20k-49999,5,3168161.014073843,3451008.087565052,-282847.0734912087,23182.34699907326,0.003708820845295383,23.0
412,INCOME,50k-74999,5,1862310.9414915836,1863608.1492200939,-1297.2077285102569,0.9029515628652717,1.4445843549752058e-07,51.0
413,INCOME,>75k,5,5007726.493214361,4585335.413313665,422391.07990069594,38909.743409750314,0.006224963652254258,17.0
414,INCOME,<20k,6,1711832.9265048488,1676867.2804937838,34965.64601106499,729.095507553281,0.00011664412653011037,45.0
415,INCOME,20k-49999,6,2893085.1417024056,3091984.6679876493,-198899.5262852437,12794.701722192489,0.002046956525087871,26.0
416,INCOME,50k-74999,6,1677993.415572835,1669728.8671354789,8264.548437356018,40.90649818529,6.5444138673149124e-06,47.0
417,INCOME,>75k,6,4263972.3076059045,4108302.97576908,155669.3318368243,5898.528179993074,0.0009436742652240988,34.0
418,INCOME,<20k,7,1359059.3808830578,1365136.8907425134,-6077.509859455517,27.056719617099382,4.3286611888443495e-06,48.0
419,INCOME,20k-49999,7,2194950.006089601,2517183.3125858577,-322233.3064962565,41250.19552463314,0.006599400183268141,16.0
420,INCOME,50k-74999,7,1290274.5308274345,1359325.5116726551,-69050.98084522062,3507.6498710157634,0.0005611703146424727,37.0
421,INCOME,>75k,7,3741929.382131163,3344567.5849302295,397361.79720093356,47209.80929977222,0.007552847209146449,13.0
422,INCOME,<20k,8,1304888.69436102,1086344.245641299,218544.44871972105,43965.50748792502,0.007033808554920046,14.0
423,INCOME,20k-49999,8,1926380.9906591394,2003116.0430838624,-76735.05242472305,2939.554246472818,0.00047028370620242976,39.0
424,INCOME,50k-74999,8,1132862.8263348925,1081719.685090198,51143.14124469459,2418.0209830947847,0.0003868463631754834,40.0
425,INCOME,>75k,8,2468576.7015325543,2661529.239072245,-192952.53753969073,13988.454906467088,0.002237938770938663,25.0
426,INCOME,<20k,9,1922429.9447450645,988289.0889412604,934140.8558038041,882959.3974539248,0.14125999489859584,3.0
427,INCOME,20k-49999,9,2342753.140217933,1822311.6081351598,520441.53208277305,148635.05621513585,0.023779334976496733,9.0
428,INCOME,50k-74999,9,803391.737194275,984081.9485691923,-180690.2113749173,33177.066741425646,0.005307823091478812,18.0
429,INCOME,>75k,9,1147403.2069976996,2421295.3835093593,-1273892.1765116598,670220.2830889514,0.10722499136776122,4.0
430,INCOME,<20k,10,148979.37520006424,87909.65298502921,61069.72221503503,42424.36234001139,0.006787248909753989,15.0
431,INCOME,20k-49999,10,206730.83558580375,162097.08565473594,44633.74993106781,12289.990439139588,0.0019662104415477874,27.0
432,INCOME,50k-74999,10,55606.93504311,87535.42215084686,-31928.48710773686,11645.894472664702,0.0018631649411535336,28.0
433,INCOME,>75k,10,141602.51869041624,215377.50372878218,-73774.98503836594,25270.7377659321,0.004042931416997122,20.0
434,INCOME,<20k,11,503148.875322,504369.3936970043,-1220.5183750042925,2.953520023893485,4.72518016922591e-07,50.0
435,INCOME,20k-49999,11,958021.3039259074,930009.4589800454,28011.844945861958,843.7155662175346,0.0001349815823054017,44.0
436,INCOME,50k-74999,11,474496.9665637625,502222.2963927819,-27725.329829019378,1530.5850012017897,0.0002448701832554136,43.0
437,INCOME,>75k,11,1236632.4423153554,1235698.4390571932,934.0032581621781,0.7059668109018205,1.1294388891961824e-07,52.0
438,INCOME,<20k,12,46807.88181041,24981.087109329885,21826.794701080114,19070.78602456699,0.003051033993534366,24.0
439,INCOME,20k-49999,12,37238.964431695,46062.76193126439,-8823.797499569388,1690.2894887108605,0.00027042045788397195,42.0
440,INCOME,50k-74999,12,26854.6409370175,24874.74278023444,1979.8981567830597,157.58943703923646,2.5211898912256354e-05,46.0
441,INCOME,>75k,12,46220.442379315,61203.33773760876,-14982.895358293761,3667.8907003406107,0.0005868063957558807,36.0
442,COUTYP4,Large Metro,0,26583032.376918845,29175287.613331255,-2592255.2364124097,230324.62609338737,0.09220657744413573,4.0
443,COUTYP4,Small Metro,0,16289647.112742854,15588159.361224843,701487.7515180111,31567.874957311775,0.012637666047129336,13.0
444,COUTYP4,Nonmetro,0,9336548.653034125,7445781.168139736,1890767.4848943884,480137.89301667514,0.19221510338349904,1.0
445,COUTYP4,Large Metro,1,34082910.82805441,34901779.393041275,-818868.5649868622,19212.365053723785,0.007691346150250189,16.0
446,COUTYP4,Small Metro,1,19207658.03134064,18647785.2893708,559872.7419698387,16809.3681011812,0.006729346869666091,17.0
447,COUTYP4,Nonmetro,1,9166226.325194817,8907230.5021778,258995.82301701792,7530.8297370166665,0.0030148406062462446,20.0
448,COUTYP4,Large Metro,2,25802698.537373703,23995928.150191955,1806770.3871817477,136040.54869495716,0.05446153805411266,6.0
449,COUTYP4,Small Metro,2,12186648.52205035,12820862.53897889,-634214.0169285387,31372.882912187273,0.01255960427225654,14.0
450,COUTYP4,Nonmetro,2,4951408.277522641,6123964.647775857,-1172556.3702532155,224509.5327127235,0.08987860293596629,5.0
451,COUTYP4,Large Metro,3,16001532.543771558,14867640.75968698,1133891.784084577,86477.10815697529,0.03461965099289038,10.0
452,COUTYP4,Small Metro,3,7208940.626818855,7943680.163809026,-734739.5369901704,67958.70126745806,0.027206119283484907,11.0
453,COUTYP4,Nonmetro,3,3395195.937242278,3794348.1843366865,-399152.2470944086,41989.42970447716,0.016809759631656353,12.0
454,COUTYP4,Large Metro,4,9260277.901914371,8755983.088079492,504294.81383487955,29044.512386847935,0.011627480422519796,15.0
455,COUTYP4,Small Metro,4,4623356.56899716,4678262.697873307,-54906.12887614779,644.4022456316093,0.0002579755650744628,35.0
456,COUTYP4,Nonmetro,4,1785212.5587315694,2234601.243690302,-449388.6849587327,90374.15097623017,0.03617976632493934,9.0
457,COUTYP4,Large Metro,5,7448292.015275802,6578103.1542276265,870188.861048176,115113.52682355925,0.046083757980879,8.0
458,COUTYP4,Small Metro,5,3277507.0717234067,3514636.1407529544,-237129.06902954774,15998.866775089156,0.006404876340567829,18.0
459,COUTYP4,Nonmetro,5,1045727.9970500995,1678787.7890687292,-633059.7920186296,238722.66815389815,0.09556859187032057,3.0
460,COUTYP4,Large Metro,6,5850790.628556148,5893754.399070099,-42963.77051395085,313.19350142358684,0.00012538173331194262,38.0
461,COUTYP4,Small Metro,6,3220292.2355116648,3148993.217350311,71299.01816135366,1614.3413592521297,0.0006462743219771862,29.0
462,COUTYP4,Nonmetro,6,1475800.9273181804,1504136.1749655844,-28335.247647403972,533.7856190168972,0.0002136920652092639,36.0
463,COUTYP4,Large Metro,7,4691245.358625206,4798102.776969528,-106857.41834432166,2379.796429126364,0.0009527113425315907,27.0
464,COUTYP4,Small Metro,7,2718497.140056783,2563593.946705791,154903.1933509917,9359.906369403083,0.00374708057127289,19.0
465,COUTYP4,Nonmetro,7,1176470.8012492675,1224516.5762559383,-48045.77500667074,1885.1492423644781,0.0007546876882342392,28.0
466,COUTYP4,Large Metro,8,3745240.544703954,3818218.800695736,-72978.25599178206,1394.8456402319403,0.0005584029147474388,30.0
467,COUTYP4,Small Metro,8,2131733.780113083,2040048.548281441,91685.23183164187,4120.579259304086,0.0016496043737575393,25.0
468,COUTYP4,Nonmetro,8,955734.8880705697,974441.8639104303,-18706.97583986062,359.1296290050364,0.00014377148684010098,37.0
469,COUTYP4,Large Metro,9,2795211.864926,3473580.3085055933,-678368.4435795932,132481.10144963954,0.053036573413333774,7.0
470,COUTYP4,Small Metro,9,1903224.8391491908,1855910.5267656774,47314.31238351343,1206.2241816290632,0.00048289149668812877,32.0
471,COUTYP4,Nonmetro,9,1517541.325079781,886487.1938837023,631054.1311960787,449221.73636259115,0.179838341761648,2.0
472,COUTYP4,Large Metro,10,345871.9499959407,308979.6730058879,36892.27699005284,4404.950294205425,0.0017634475189619424,24.0
473,COUTYP4,Small Metro,10,151965.3064656385,165085.75497278463,-13120.448507146124,1042.7681604451716,0.0004174546368453961,33.0
474,COUTYP4,Nonmetro,10,55082.408057814995,78854.2365407218,-23771.828482906807,7166.385145697418,0.0028689413639309677,21.0
475,COUTYP4,Large Metro,11,1756379.1420168113,1772727.8523692666,-16348.710352455266,150.77347029396276,6.035961460562428e-05,39.0
476,COUTYP4,Small Metro,11,981305.8472701568,947156.5330580394,34149.31421211746,1231.238576154621,0.0004929055874310952,31.0
477,COUTYP4,Nonmetro,11,434614.59884005727,452415.20269971975,-17800.603859662486,700.3776528237946,0.00028038437478697945,34.0
478,COUTYP4,Large Metro,12,64404.3313588425,87802.0543169112,-23397.722958068705,6235.0869109117475,0.002496111830824359,22.0
479,COUTYP4,Small Metro,12,60309.68223073,46912.04532665978,13397.63690407022,3826.2385142968296,0.0015317700233460816,26.0
480,COUTYP4,Nonmetro,12,32407.915968865,22407.82991486655,10000.08605399845,4462.802576925479,0.0017866077041207096,23.0
481,AIIND102,Amer Ind Area,0,841981.535159116,691115.6702965349,150865.86486258113,32932.99538551746,0.2006533158501099,3.0
482,AIIND102,Not Amer Ind Area,0,51367246.60753671,51518112.4723993,-150865.86486259103,441.7962555000722,0.002691764977905272,11.0
483,AIIND102,Amer Ind Area,1,842310.457166734,826767.0564022706,15543.40076446347,292.21932036824205,0.001780426435584369,12.0
484,AIIND102,Not Amer Ind Area,1,61614484.72742313,61630028.1281876,-15543.400764465332,3.9201232688434002,2.3884427250747656e-05,22.0
485,AIIND102,Amer Ind Area,2,415204.1158725175,568424.969367897,-153220.8534953795,41301.19402031047,0.2516388634478234,2.0
486,AIIND102,Not Amer Ind Area,2,42525551.22107418,42372330.367578804,153220.85349537432,554.0556712881222,0.003375736288427911,10.0
487,AIIND102,Amer Ind Area,3,329071.7829490665,352190.51292793464,-23118.729978868156,1517.575449129664,0.009246245060796868,7.0
488,AIIND102,Not Amer Ind Area,3,26276597.324883625,26253478.594904758,23118.729978866875,20.358280290501707,0.00012403841185644162,20.0
489,AIIND102,Amer Ind Area,4,173365.45310908,207415.16591795578,-34049.712808875774,5589.672950075017,0.034056617043812666,5.0
490,AIIND102,Not Amer Ind Area,4,15495481.57653402,15461431.863725144,34049.71280887537,74.98548340060138,0.0004568696442222402,18.0
491,AIIND102,Amer Ind Area,5,119361.9877048925,155824.6907782475,-36462.70307335499,8532.208270560217,0.05198482133102631,4.0
492,AIIND102,Not Amer Ind Area,5,11652165.096344417,11615702.393271063,36462.70307335444,114.45960566153991,0.0006973765713696294,17.0
493,AIIND102,Amer Ind Area,6,134697.4581706575,139613.56871817983,-4916.110547522316,173.10740737703884,0.001054704404558761,16.0
494,AIIND102,Not Amer Ind Area,6,10412186.333215337,10407270.222667815,4916.110547522083,2.322236513357542,1.414886350721381e-05,26.0
495,AIIND102,Amer Ind Area,7,122728.68194313625,113659.34282484122,9069.339118295029,723.6792858233857,0.004409214728653513,9.0
496,AIIND102,Not Amer Ind Area,7,8463484.61798812,8472553.957106415,-9069.339118294418,9.70816030904532,5.9149631972772446e-05,21.0
497,AIIND102,Amer Ind Area,8,85576.70503495575,90447.46638850226,-4870.761353546506,262.2993999776432,0.0015981311063540046,13.0
498,AIIND102,Not Amer Ind Area,8,6747132.50785265,6742261.746499104,4870.761353545822,3.5187474255971,2.1438934731566695e-05,23.0
499,AIIND102,Amer Ind Area,9,156426.62763270325,82283.53444388136,74143.09318882189,66807.99876621125,0.4070460740308305,1.0
500,AIIND102,Not Amer Ind Area,9,6059551.401522269,6133694.494711091,-74143.09318882227,896.2295517565245,0.005460524596007037,8.0
501,AIIND102,Amer Ind Area,10,8672.63332169,7319.23183235026,1353.4014893397398,250.25790046041683,0.0015247649646576592,14.0
502,AIIND102,Not Amer Ind Area,10,544247.0311977043,545600.432687044,-1353.401489339769,3.357210664819549,2.0454727668034434e-05,24.0
503,AIIND102,Amer Ind Area,11,45015.04709214825,41993.07352787508,3021.9735642731684,217.4721556664297,0.0013250088134628007,15.0
504,AIIND102,Not Amer Ind Area,11,3127284.5410348773,3130306.5145991505,-3021.973564273212,2.9173897765521457,1.7774998157313876e-05,25.0
505,AIIND102,Amer Ind Area,12,4721.6878128299995,2079.8895430568887,2641.798269773111,3355.513816334097,0.020444389152782013,6.0
506,AIIND102,Not Amer Ind Area,12,152400.2417456075,155042.04001538063,-2641.798269773135,45.014230317686625,0.00027426155647100267,19.0
